"DESCRIPTION","DURATION IN MS","NAME","PARENT SUITE","START TIME","STATUS","STOP TIME","SUB SUITE","SUITE","TEST CLASS","TEST METHOD"
"","2764","Login with a wrong password should show the incorrect password error","web.tests","2026-10-04","passed","2026-10-04","TestLoginNegative","test_login_negative","",""
"","126152","Deleting the company should show a success toast, remove it from the list and log the deletion","web.tests","2026-10-04","passed","2026-10-04","TestCompanyLifecycle","test_company_lifecycle","",""
"","1533","Login with an unregistered email should show the email not registered dialog","web.tests","2026-10-04","passed","2026-10-04","TestLoginNegative","test_login_negative","",""
"","663","Login with valid credentials should show the dashboard greeting","web.tests","2026-10-04","passed","2026-10-04","TestLogin","test_login","",""
"","4958","Address fields should become available level by level and reset when the province changes","web.tests","2026-10-04","passed","2026-10-04","TestCompanies","test_companies","",""
"","18429","Company detail should show exactly the data that was entered","web.tests","2026-10-04","passed","2026-10-04","TestCompanyLifecycle","test_company_lifecycle","",""
"","1440","Login with an empty email should keep the login button disabled","web.tests","2026-10-04","passed","2026-10-04","TestLoginNegative","test_login_negative","",""
"","1680","Companies page should show its heading, Add Company button and company list","web.tests","2026-10-04","passed","2026-10-04","TestCompanies","test_companies","",""
"","5449","Wizard should show the invalid email error when the email is malformed","web.tests","2026-10-04","passed","2026-10-04","TestCompanies","test_companies","",""
"","5744","Wizard should keep Next disabled when the company name is empty","web.tests","2026-10-04","passed","2026-10-04","TestCompanies","test_companies","",""
"","1725","Add Company should open the Register Company wizard with Next disabled","web.tests","2026-10-04","passed","2026-10-04","TestCompanies","test_companies","",""
"","18583","Registering a company with valid data should list it as an Active company","web.tests","2026-10-04","passed","2026-10-04","TestCompanyLifecycle","test_company_lifecycle","",""
"","1555","Login with an unregistered username should show the username not registered dialog","web.tests","2026-10-04","passed","2026-10-04","TestLoginNegative","test_login_negative","",""
